domain,tool,blocking_rules,legit_refused,legit_calls,legit_refusal_pct
airline,book_reservation,AIR-AUTO-FBD-08+AIR-AUTO-PRE-10,5,6,83.3
airline,calculate,,0,12,0.0
airline,cancel_reservation,AIR-AUTO-FBD-04+AIR-AUTO-FBD-05+AIR-AUTO-PRE-10,5,9,55.6
airline,get_flight_status,,0,29,0.0
airline,get_reservation_details,,0,218,0.0
airline,get_user_details,,0,101,0.0
airline,list_all_airports,,0,3,0.0
airline,search_direct_flight,,0,43,0.0
airline,search_onestop_flight,,0,10,0.0
airline,transfer_to_human_agents,,0,53,0.0
airline,update_reservation_baggages,AIR-AUTO-PRE-10,2,3,66.7
airline,update_reservation_flights,AIR-AUTO-FBD-02+AIR-AUTO-FBD-03+AIR-AUTO-PRE-10,31,43,72.1
airline,update_reservation_passengers,AIR-AUTO-FBD-06,0,2,0.0
retail,calculate,,0,12,0.0
retail,cancel_pending_order,RET-AUTO-PRE-05,12,38,31.6
retail,exchange_delivered_order_items,RET-AUTO-FBD-02+RET-AUTO-PRE-05,8,76,10.5
retail,find_user_id_by_email,,0,61,0.0
retail,find_user_id_by_name_zip,,0,206,0.0
retail,get_item_details,,0,5,0.0
retail,get_order_details,RET-AUTO-FBD-04,2,579,0.3
retail,get_product_details,RET-AUTO-FBD-04,3,181,1.7
retail,get_user_details,RET-AUTO-FBD-04,2,216,0.9
retail,list_all_product_types,,0,15,0.0
retail,modify_pending_order_address,RET-AUTO-FBD-03+RET-AUTO-PRE-05,5,29,17.2
retail,modify_pending_order_items,RET-AUTO-PRE-05,8,59,13.6
retail,modify_pending_order_payment,,0,4,0.0
retail,modify_user_address,RET-AUTO-FBD-04,2,17,11.8
retail,return_delivered_order_items,RET-AUTO-FBD-02+RET-AUTO-PRE-05,24,84,28.6
retail,transfer_to_human_agents,,0,21,0.0
telecom_pre_repair,resume_line,,0,44,0.0
telecom_pre_repair,send_payment_request,TEL-04,47,49,95.9
